utility_name,state
City of Aberdeen,MS
City of Abbeville,LA
A & N Electric Coop,MD
A & N Electric Coop,VA
Adams Electric Coop,IL
Adams-Columbia Electric Coop,WI
"Adams Rural Electric Coop, Inc",OH
Village of Arcade,NY
City of Adel,GA
Adrian Public Utilities Comm,MN
Agralite Electric Coop,MN
Aiken Electric Coop Inc,SC
City of Alachua,FL
City of Alameda,CA
"Alaska Village Elec Coop, Inc",AK
Albany Water Gas & Light Comm,GA
City of Albemarle,NC
Albemarle Electric Member Corp,NC
Albertville Municipal Utilities Board,AL
Alcorn County Elec Power Assn,MS
City of Alexander City,AL
City of Alexandria,MN
"Alfalfa Electric Coop, Inc",KS
"Alfalfa Electric Coop, Inc",OK
City of Alexandria,LA
Alger-Delta Coop Electric Assn,MI
Algoma Utility Comm,WI
City of Acworth,GA
City of Algona,IA
"Allamakee-Clayton El Coop, Inc",IA
City of Alliance,NE
Altamaha Electric Member Corp,GA
City of Altus ,OK
City of Ames,IA
City of Amherst,OH
Amicalola Electric Member Corp,GA
City of Amory,MS
City of Alcoa Utilities,TN
City of Anaheim,CA
Anchorage Municipal Light and Power,AK
City of Andalusia,AL
City of Anderson,IN
Connexus Energy,MN
City of Bardstown,KY
City of Anoka,MN
Anza Electric Coop Inc,CA
Town of Apex,NC
Appalachian Electric Coop,TN
Arab Electric Coop Inc,AL
Arkansas Valley Elec Coop Corp,AR
Arkansas Valley Elec Coop Corp,OK
City of Arlington,MN
"Arrowhead Electric Coop, Inc",MN
City of Ashland,OR
City of Aspen,CO
Atchison-Holt Electric Coop,IA
Atchison-Holt Electric Coop,MO
City of Athens,AL
Athens Utility Board,TN
Atlantic Municipal Utilities,IA
Auburn Board of Public Works,NE
City of Auburn,IN
City of Augusta,KS
City of Austin,MN
Austin Energy,TX
City of Ava,MO
Town of Ayden,NC
City of Azusa,CA
BARC Electric Coop Inc,VA
Bagley Public Utilities Comm,MN
City of Baldwin City,KS
Baldwin County El Member Corp,AL
Bailey County Elec Coop Assn,TX
"Bandera Electric Coop, Inc",TX
City of Bandon,OR
Village of Bangor,WI
City of Banning,CA
Village of Baraga,MI
Barbourville Utility Comm,KY
City of Barnesville,MN
Barron Electric Coop,WI
"Bartlett Electric Coop, Inc",TX
"Barrow Utils & Elec Coop, Inc",AK
Barry Electric Coop,MO
Bartholomew County Rural E M C,IN
City of Bartow,FL
"Barton County Elec Coop, Inc",MO
City of Batavia,IL
City of Bay City,MI
"Bayfield Electric Coop, Inc",MI
"Bayfield Electric Coop, Inc",WI
"Beartooth Electric Coop, Inc",MT
"Beartooth Electric Coop, Inc",WY
City of Beatrice,NE
Town of Bedford,VA
"Beauregard Electric Coop, Inc",LA
Town of Belmont,MA
City of Beloit,KS
"Beltrami Electric Coop, Inc",MN
City of Bennettsville,SC
City of Benson,MN
Benton County,TN
PUD No 1 of Benton County,WA
City of Benton,AR
City of Benton,KY
City of Bentonville,AR
"Big Country Electric Coop, Inc",TX
City of Beresford,SD
Berkeley Electric Coop Inc,SC
Benton Rural Electric Assn,WA
City of Bessemer Utilities,AL
Big Horn Rural Electric Co,MT
Big Horn Rural Electric Co,WY
"Big Horn County Elec Coop, Inc",MT
"Big Horn County Elec Coop, Inc",WY
Big Sandy Rural Elec Coop Corp,KY
"Big Bend Electric Coop, Inc",WA
Blachly-Lane County Coop El Assn,OR
"Black River Electric Coop, Inc",SC
"Black Hills Electric Coop, Inc",SD
Black River Electric Coop,MO
City of Black River Falls,WI
Black Warrior Elec Member Corp,AL
City of Blaine,WA
City of Bloomfield,IA
Blue Earth Light & Water,MN
BENCO Electric Cooperative,MN
Blue Grass Energy Coop Corp,KY
Blue Ridge Elec Member Corp,NC
Blue Ridge Electric Coop Inc,SC
Blue Ridge Mountain EMC,GA
Blue Ridge Mountain EMC,NC
"Bluebonnet Electric Coop, Inc",TX
City of Bluffton,IN
"Bon Homme Yankton El Assn, Inc",SD
City of Boerne,TX
Bolivar Energy Authority,TN
City of Boscobel,WI
Boone Electric Coop,MO
City of Boulder City,NV
City of Bountiful,UT
"Bowie-Cass Electric Coop, Inc",TX
City of Bowling Green,OH
City of Bowling Green,KY
Bozrah Light & Power Company,CT
Brainerd Public Utilities,MN
Town of Braintree,MA
City of Breckenridge,MN
Bremen Electric Light & Power Co,IN
City of Brenham,TX
City of Brewster,MN
"Broad River Electric Coop, Inc",NC
"Broad River Electric Coop, Inc",SC
"Bridger Valley Elec Assn, Inc",UT
"Bridger Valley Elec Assn, Inc",WY
Brigham City Corporation,UT
City of Bristol,TN
Bristol Virginia Utilities,VA
Brodhead Water & Lighting Comm,WI
City of Broken Bow,NE
City of Brookings,SD
Brown County Rural Elec Assn,MN
Brown-Atchison E C A Inc,KS
Burke-Divide Electric Coop Inc,ND
Brownsville Public Utilities Board,TX
City of Brownsville,TN
City of Bryan,OH
City of Bryan,TX
City of Buffalo,MN
City of Buford,GA
"Buckeye Rural Elec Coop, Inc",OH
City of Burbank Water and Power,CA
City of Burley,ID
City of Burlington Electric,VT
City of Burlington,KS
Burt County Public Power Dist,NE
"Butler Rural El Coop Assn, Inc",KS
Butler Public Power District,NE
Borough of Butler,NJ
Butler Rural Electric Coop Inc,OH
Butler County Rural Elec Coop,IA
"Butte Electric Coop, Inc",SD
C & L Electric Coop Corp,AR
City of Cairo,GA
CMS Electric Coop Inc,KS
City of Calhoun,GA
Central Electric Power Assn,MS
City of Cambridge,NE
City of Camden,SC
City of Cameron,MO
Canoochee Electric Member Corp,GA
City of Camilla,GA
"Canadian Valley Elec Coop, Inc",OK
Canby Utility Board,OR
"Caney Fork Electric Coop, Inc",TN
"Caney Valley El Coop Assn, Inc",KS
Canton Municipal Utilities,MS
Cape Hatteras Elec Member Corp,NC
"Capital Electric Coop, Inc",ND
"Cam Wal Electric Coop, Inc",SD
"Carbon Power & Light, Inc",WY
Carroll County,TN
"Carroll Electric Coop, Inc",OH
Carroll Electric Member Corp,GA
Carroll Electric Coop Corp,AR
Carroll Electric Coop Corp,MO
Carteret-Craven El Member Corp,NC
City of Cartersville,GA
City of Carthage,MO
Cedar Falls Utilities,IA
Cedar-Knox Public Power Dist,NE
Cedarburg Light & Water Comm,WI
City of Celina,OH
Central Alabama Electric Coop,AL
"Central Rural Electric Cooperative, Inc",OK
City of Central City,NE
"Central Electric Coop, Inc",SD
Central Electric Coop Inc,OR
"Central Florida Elec Coop, Inc",FL
Central Georgia El Member Corp,GA
Central Electric Membership Corp.,NC
Central Lincoln People's Ut Dt,OR
Central Missouri Elec Coop Inc,MO
"Central New Mexico El Coop, Inc",NM
"Central Texas Elec Coop, Inc",TX
"Central Valley Elec Coop, Inc",NM
Central Virginia Electric Coop,VA
Central Wisconsin Elec Coop,WI
City of Centralia,WA
"Chariton Valley Elec Coop, Inc",IA
"Charles Mix Electric Assn, Inc",SD
Borough of Chambersburg,PA
City of Chanute,KS
"Caddo Electric Coop, Inc",OK
City of Chaska,MN
City of Chattanooga,GA
City of Chattanooga,TN
PUD No 1 of Chelan County,WA
City of Cheney,WA
Cherokee Electric Coop,AL
"Cherry-Todd Electric Coop, Inc",NE
"Cherry-Todd Electric Coop, Inc",SD
Cherryland Electric Coop Inc,MI
Cherokee County Elec Coop Assn,TX
City of Chickamauga,GA
City of Chicopee,MA
Cimarron Electric Coop,OK
Chillicothe Municipal Utils,MO
Chimney Rock Public Power Dist,NE
Chippewa Valley Electric Coop,WI
"Choctawhatche Elec Coop, Inc",FL
"Choptank Electric Coop, Inc",MD
Chugach Electric Assn Inc,AK
Choctaw Electric Coop Inc,OK
Citizens Electric Corporation,MO
City of Nixa,MO
"Claiborne Electric Coop, Inc",LA
PUD No 1 of Clallam County,WA
City of Claremore,OK
PUD No 1 of Clark County,WA
Clark Energy Coop Inc,KY
Clark Electric Coop,WI
Clarksdale Public Utilities,MS
City of Clarksville,TN
Clarksville Light & Water Co,AR
City of Clay Center,KS
Clay County Electric Coop Corp,AR
Clay County Electric Coop Corp,MO
Clay-Union Electric Corp,SD
Clarke Electric Coop Inc,IA
Town of Clayton,NC
Town of Clayton,DE
Clearwater Power Company,ID
Clearwater Power Company,OR
Clearwater Power Company,WA
"Clay Electric Cooperative, Inc",FL
City of Cleveland,TN
City of Cleveland,OH
Clearwater-Polk Elec Coop Inc,MN
City of Clewiston,FL
Clinton Combined Utility Sys,SC
"Clinton County Elec Coop, Inc",IL
City of Clinton,TN
City of Clintonville,WI
Clyde Light & Power,OH
Cloverland Electric Co-op,MI
Coahoma Electric Power Assn,MS
Coast Electric Power Assn,MS
Coastal Electric Member Corp,GA
"Coastal Electric Coop, Inc",SC
"Codington-Clark Elec Coop, Inc",SD
Columbia Power System,TN
City of Cody,WY
City of Coffeyville,KS
City of Colby,KS
Coldwater Board of Public Util,MI
Cobb Electric Membership Corp,GA
Coles-Moultrie Electric Coop,IL
"Coleman County Elec Coop, Inc",TX
City of College Park,GA
City of College Station,TX
City of Colorado Springs,CO
City of Colton,CA
"Columbia Basin Elec Cooperative, Inc",OR
City of Columbia City,IN
Columbia Power Coop Assn Inc,OR
Calhoun County Elec Coop Assn,IA
"Columbia Rural Elec Assn, Inc",OR
"Columbia Rural Elec Assn, Inc",WA
City of Columbia,MO
Co-Mo Electric Coop Inc,MO
City of Columbus,OH
City of Columbus,MS
"Columbus Electric Coop, Inc",AZ
"Columbus Electric Coop, Inc",NM
City of Columbus,WI
Community Electric Coop,VA
Concho Valley Elec Coop Inc,TX
Town of Concord,MA
City of Concord,NC
"Concordia Electric Coop, Inc",LA
Callaway Electric Cooperative,MO
Consolidated Electric Coop,MO
Cooke County Elec Coop Assn,TX
Continental Divide El Coop Inc,NM
Conway Corporation,AR
City of Cookeville,TN
Comanche County Elec Coop Assn,TX
"Cookson Hills Elec Coop, Inc",OK
"Coos-Curry Electric Coop, Inc",OR
Coosa Valley Electric Coop Inc,AL
"Copper Valley Elec Assn, Inc",AK
Cooperative L&P Assn Lake County,MN
Corn Belt Energy Corporation,IL
Cornhusker Public Power Dist,NE
City of Corona,CA
"Cotton Electric Coop, Inc",OK
"Covington Electric Coop, Inc",AL
Coweta-Fayette El Member Corp,GA
City of Covington,GA
City of Covington,TN
PUD No 1 of Cowlitz County,WA
Cozad Board of Public Works,NE
Craig-Botetourt Electric Coop,VA
Craig-Botetourt Electric Coop,WV
"Crawfordsville Elec, Lgt & Pwr",IN
Craighead Electric Coop Corp,AR
"Crawford Electric Coop, Inc",MO
City of Crete,NE
Crisp County Power Comm,GA
Crow Wing Cooperative Power & Light Comp,MN
City of Crystal Falls,MI
City of Cuba City,WI
City of Cuero,TX
Cullman Power Board,AL
"Cullman Electric Coop, Inc",AL
Town of Culpeper- (VA),VA
"Cumberland Valley Electric, Inc.",KY
"Cumberland Valley Electric, Inc.",TN
Cumberland Elec Member Corp,TN
Cuming County Public Pwr Dist,NE
City of Cushing,OK
Custer Public Power District,NE
Cuivre River Electric Coop Inc,MO
City of Cuyahoga Falls,OH
"DS&O Electric Cooperative, Inc.",KS
Dakota Valley Elec Coop Inc,ND
Dakota Energy Coop Inc,SD
"Consumers Power, Inc",OR
Dalton Utilities,GA
City of Danville,VA
"Darke Rural Electric Coop, Inc",OH
City of David City,NE
Daviess Martin County R E M C,IN
Dawson Power District,NE
City of Dayton,TN
"Deaf Smith Electric Coop, Inc",TX
Decatur Utilities,AL
Decatur County Rural E M C,IN
Deep East Texas Elec Coop Inc,TX
Delano Municipal Utilities,MN
City of Denison,IA
City of Denton,TX
Delaware Electric Cooperative,DE
"Denton County Elec Coop, Inc",TX
Delta Montrose Electric Assn,CO
City of Detroit Lakes,MN
City of Dickson,TN
Dixie Electric Power Assn,MS
Dixie Electric Membership Corp,LA
Dixie Electric Coop,AL
City of Dothan,AL
City of Douglas,GA
PUD No 1 of Douglas County,WA
Douglas Electric Coop,OR
"Douglas Electric Coop, Inc",SD
City of Dover,DE
City of Dover,OH
Dubois Rural Electric Coop Inc,IN
Duck River Elec Member Corp,TN
Dunn County Electric Coop,WI
City of Duncan,OK
Town of Danvers,MA
City of Dyersburg,TN
Egyptian Electric Coop Assn,IL
City of Eagle River,WI
East Central Energy,MN
East Central Energy,WI
City of East Grand Forks,MN
East Mississippi Elec Pwr Assn,MS
City of East Point,GA
Eastern Illinois Elec Coop,IL
East-Central Iowa Rural Elec Coop,IA
East Central Oklahoma Elec Coop Inc,OK
Eastern Iowa Light & Power Coop,IA
Eastern Maine Electric Coop,ME
Easton Utilities Comm,MD
Eau Claire Electric Coop,WI
"Edisto Electric Coop, Inc",SC
Edgecombe-Martin County E M C,NC
City of Edmond,OK
City of Elberton,GA
Eldridge City Utilities,IA
City of Elizabeth City,NC
City of Elizabethton,TN
City of Elk River,MN
City of Elkhorn,WI
Elkhorn Rural Public Pwr Dist,NE
Elmhurst Mutual Power & Light Co,WA
City of Ely,MN
"Empire Electric Assn, Inc",CO
"Empire Electric Assn, Inc",UT
Excelsior Electric Member Corp,GA
"Fairfield Electric Coop, Inc",SC
Village of Fairport,NY
Borough of Ephrata,PA
Town of Erwin,TN
"Escambia River Elec Coop, Inc",FL
Town of Estes Park,CO
City of Estherville,IA
City of Etowah,TN
City of Eudora,KS
City of Eugene,OR
City of Evansville,WI
"Farmers Electric Coop, Inc",IA
City of Fairbury,NE
City of Fairfax,MN
City of Fairhope,AL
City of Ellensburg,WA
Fairmont Public Utilities Comm,MN
Farmers Electric Coop,IA
Fall River Rural Elec Coop Inc,ID
Fall River Rural Elec Coop Inc,MT
Fall River Rural Elec Coop Inc,WY
Fannin County Electric Coop,TX
City of Falls City,NE
"Farmers Electric Coop, Inc",MO
"Farmers Electric Coop, Inc",TX
"Fayette Electric Coop, Inc",TX
Farmers Rural Electric Coop Corp,KY
"Farmers Electric Coop, Inc",NM
City of Farmington,NM
City of Farmington,MO
City of Fayetteville,TN
Public Works Comm-City of Fayetteville,NC
Federated Rural Electric Assn,IA
Federated Rural Electric Assn,MN
"FEM Electric Assn, Inc",SD
PUD No 1 of Ferry County,WA
"Firelands Electric Coop, Inc",OH
First Electric Coop Corp,AR
Fitzgerald Wtr Lgt & Bond Comm,GA
City of Flandreau,SD
Flathead Electric Coop Inc,MT
Flint Electric Membership Corp,GA
City of Flora,IL
City of Florence,AL
Florence Utility Comm,WI
City of Floresville,TX
"Flint Hills Rural E C A, Inc",KS
Fleming-Mason Energy Coop Inc,KY
"Florida Keys El Coop Assn, Inc",FL
Foley Board of Utilities,AL
City of Forest City- (IA),IA
Town of Forest City,NC
City of Forest Grove,OR
City of Fort Collins,CO
Fort Loudoun Electric Coop,TN
City of Fort Morgan,CO
Fort Belknap Electric Coop Inc,TX
Fort Payne Improvement Authority,AL
City of Fort Pierre,SD
Fort Pierce Utilities Authority,FL
Fort Valley Utility Comm,GA
City of Fountain,CO
Four County Elec Member Corp,NC
4-County Electric Power Assn,MS
City of Frankfort,IN
City of Frankfort,KY
Easley Combined Utility System,SC
Town of Edenton,NC
City of Franklin,VA
PUD No 1 of Franklin County,WA
Franklin Electric Coop,AL
City of Franklin,KY
Franklin Rural Electric Coop,IA
Town of Frederick,CO
City of Fredericksburg,TX
Village of Freeport,NY
City of Fremont,NE
Freeborn-Mower Coop Services,IA
Freeborn-Mower Coop Services,MN
French Broad Elec Member Corp,NC
French Broad Elec Member Corp,TN
Town of Front Royal,VA
Frontier Power Company,OH
City of Fulton,MO
City of Fulton,KY
City of Gaffney,SC
City of Greendale,IN
Gainesville Regional Utilities,FL
City of Galion,OH
City of Gallatin,TN
City of Gallup,NM
City of Garden City,KS
City of Gardner,KS
Garland Light & Power Company,WY
"Garkane Energy Coop, Inc",AZ
"Garkane Energy Coop, Inc",UT
City of Garland,TX
City of Garnett,KS
Gascosage Electric Coop,MO
City of Gastonia,NC
GreyStone Power Corporation,GA
City of Geneva- (IL),IL
City of Georgetown,SC
City of Georgetown,TX
City of Gering,NE
Gibson Electric Members Corp,TN
City of Gillette,WY
City of Girard,KS
"Glacier Electric Coop, Inc",MT
"Glades Electric Coop, Inc",FL
City of Gladstone,MI
City of Glasgow,KY
Glencoe Light & Power Comm,MN
City of Glendale,CA
City of Glenwood Springs,CO
Raccoon Valley Electric Cooperative,IA
Golden Valley Elec Assn Inc,AK
City of Goodland,KS
City of Gothenburg,NE
City of Graettinger,IA
Grady Electric Membership Corp,GA
Graham County Electric Coop Inc,AZ
Goodhue County Coop Elec Assn,MN
City of Grand Haven,MI
"Grand Electric Coop, Inc",MT
"Grand Electric Coop, Inc",SD
Grand Rapids Public Util Comm,MN
PUD No 1 of Grays Harbor County,WA
Grayson Rural Electric Coop Corp,KY
"Grayson-Collin Elec Coop, Inc",TX
"Greenbelt Electric Coop, Inc",TX
Grand Valley Power,CO
City of Green Cove Springs,FL
City of Greeneville,TN
City of Greenfield,IA
City of Greenfield,IN
City of Greenville,TX
Greenville Utilities Comm,NC
Greenwood CPW,SC
Greenwood Utilities Comm,MS
Greer Commission of Public Wks,SC
City of Griffin,GA
Groton Dept of Utilities,CT
"Grundy Electric Coop, Inc",IA
"Grundy Electric Coop, Inc",MO
Grundy Center Mun Light & Power,IA
Guthrie County Rural E C A,IA
Guadalupe Valley Elec Coop Inc,TX
"Gulf Coast Electric Coop, Inc",FL
Gunnison County Elec Assn.,CO
City of Gunnison,CO
Guntersville Electric Board,AL
Grundy County Rural Elec Coop,IA
H-D Electric Coop Inc,MN
H-D Electric Coop Inc,SD
Habersham Electric Membership Corp,GA
Guernsey-Muskingum El Coop Inc,OH
Hagerstown Light Department,MD
City of Halstad,MN
City of Hamilton,OH
Halifax Electric Member Corp,NC
Hamilton County Elec Coop Assn,TX
NineStar Connect,IN
Hancock-Wood Electric Coop Inc,OH
City of Hannibal,MO
Town of Hardwick,VT
Harlan Municipal Utilities,IA
City of Harriman,TN
Harrison County Rural E M C,IN
City of Harrisonburg,VA
City of Harrisonville,MO
Hart Electric Member Corp,GA
Hartford Electric,WI
City of Hartselle,AL
City of Hastings,NE
Havana Power & Light Company,FL
Harrison County Rrl Elec Coop,IA
City of Hawarden,IA
Hawkeye Tri-County El Coop Inc,IA
Hawley Public Utilities Comm,MN
Heartland Power Coop,IA
Heartland Power Coop,MN
Haywood Electric Member Corp,GA
Haywood Electric Member Corp,NC
Haywood Electric Member Corp,SC
City of Healdsburg,CA
Heber Light & Power Company,UT
City of Hebron,NE
Hendricks County Rural E M C,IN
Henderson City Utility Comm,KY
Henry County Rural E M C,IN
City of Hermiston,OR
Hibbing Public Utilities Comm,MN
City of Hickman,KY
High Plains Power Inc,WY
Highline Electric Assn,CO
Highline Electric Assn,NE
Town of High Point,NC
City of Highland,IL
"Jackson Electric Coop, Inc",WI
City of Hinton,IA
"HILCO Electric Cooperative, Inc.",TX
Hillsdale Board of Public Wks,MI
"Hill County Electric Coop, Inc",MT
Inland Power & Light Company,ID
Inland Power & Light Company,WA
City of Holdrege,NE
City of Holland,MI
City of Holly Springs,MS
Holmes-Wayne Electric Coop Inc,OH
"Holston Electric Coop, Inc",TN
City of Holton,KS
"Holy Cross Electric Assn, Inc",CO
City of Holyoke,MA
"Fox Islands Electric Coop, Inc",ME
Horry Electric Coop Inc,SC
City of Homestead,FL
City of Hingham,MA
M J M Electric Cooperative Inc,IL
Hood River Electric Coop,OR
City of Hope,AR
City of Hopkinsville,KY
Houlton Water Company,ME
Terrebonne Parish Consol Gov't,LA
Houston County Elec Coop Inc,TX
Howard Electric Coop,MO
Howard Greeley Rural P P D,NE
"Howell-Oregon Elec Coop, Inc",MO
City of Hudson,OH
Town of Hudson,MA
City of Hugoton,KS
City of Humboldt,TN
Town of Huntersville,NC
City of Huntsville,AL
City of Lafayette,LA
Hustisford Utilities,WI
Hurricane City Power,UT
Hutchinson Utilities Comm,MN
Hyrum City Corporation,UT
City of Idaho Falls,ID
Illinois Rural Electric Coop,IL
Imperial Irrigation District,CA
City of Imperial,NE
City of Independence,IA
City of Independence,MO
"Indian Electric Coop, Inc",OK
Indianola Municipal Utilities,IA
Inter County Energy Coop Corp,KY
Intercounty Electric Coop Assn,MO
Intermountain Rural Elec Assn,CO
City of Iola,KS
Iowa Lakes Electric Coop,IA
Irwin Electric Membership Corp,GA
Town of Ipswich,MA
Itasca-Mantrap Co-op Electrical Assn,MN
Jackson Energy Coop Corp,KY
Jackson County Rural E M C,IN
"Jackson Electric Coop, Inc",TX
City of Jackson,OH
City of Jackson,MN
Jackson Electric Member Corp,GA
City of Jackson,MO
Jackson Purchase Energy Corporation,KY
City of Jackson,TN
City of Lebanon,IN
Beaches Energy Services,FL
JEA,FL
Jamestown Board of Public Util,NY
City of Jasper,TX
Jasper County Rural E M C,IN
Jay County Rural E M C,IN
City of Jasper,IN
"Jasper-Newton Elec Coop, Inc",TX
"Jefferson Davis Elec Coop, Inc",LA
Jefferson Electric Member Corp,GA
Jefferson Utilities,WI
City of Jellico,KY
City of Jellico,TN
"Jemez Mountains Elec Coop, Inc",NM
City of Jewett City,CT
Joe Wheeler Elec Member Corp,AL
Jo-Carroll Energy Coop Inc,IL
Johnson City,TN
Johnson County Rural E M C,IN
Jones-Onslow Elec Member Corp,NC
City Water and Light Plant,AR
Jump River Electric Coop Inc,WI
Juneau Utility Comm,WI
Kenergy Corp,KY
Kandiyohi Power Coop,MN
City of Kansas City,KS
Kankakee Valley Rural E M C,IN
Karnes Electric Coop Inc,TX
Kay Electric Coop,OK
Kaw Valley Electric Coop Inc,KS
City of Kaukauna,WI
City of Lamar,MO
Kaysville City Corporation,UT
KBR Rural Public Power District,NE
K C Electric Association,CO
Kauai Island Utility Cooperative,HI
Kennebunk Light & Power Dist,ME
City of Kennett,MO
KEM Electric Coop Inc,ND
"Kiamichi Electric Coop, Inc",OK
Kenyon Municipal Utilities,MN
Ketchikan Public Utilities,AK
City of Key West,FL
City of Kimball,NE
City of Kingman,KS
City of Kings Mountain,NC
City of Kinston,NC
City of Kirkwood,MO
"Kiwash Electric Coop, Inc",OK
Kissimmee Utility Authority,FL
"Kit Carson Electric Coop, Inc",NM
PUD No 1 of Klickitat County,WA
Knoxville Utilities Board,TN
Kodiak Electric Assn Inc,AK
Kosciusko County Rural E M C,IN
Kotzebue Electric Assn Inc,AK
Kootenai Electric Cooperative,ID
Kootenai Electric Cooperative,WA
Village of L'Anse,MI
"La Plata Electric Assn, Inc",CO
McCook Public Power District,NE
"LaCreek Electric Assn, Inc",NE
"LaCreek Electric Assn, Inc",SD
Lagrange County Rural E M C,IN
City of LaFollette,TN
City of La Grange,GA
City of Lake City,MN
City of Lake Crystal,MN
"Lake Region Electric Coop, Inc",OK
"Laclede Electric Coop, Inc",MO
Lake Mills Light & Water,WI
City of Lake Mills,IA
"Lake Placid Village, Inc",NY
Lake Region Electric Cooperative,MN
City of Lake Worth,FL
City of Lakeland,FL
Southern Rivers Energy,GA
"Lamb County Electric Coop, Inc",TX
Lakeview Light & Power,WA
City of Lakota,ND
"Lake Region Electric Assn, Inc",SD
Lamar County Elec Coop Assn,TX
City of Lamoni,IA
City of Lampasas,TX
Licking Rural Electric Inc,OH
Lane Electric Coop Inc,OR
Lake Country Power,MN
Borough of Lansdale,PA
City of Lansing,MI
City of Larned,KS
Lassen Municipal Utility District,CA
"Lane-Scott Electric Coop, Inc",KS
"Laurens Electric Coop, Inc",SC
City of Laurens,IA
City of Laurinburg,NC
Lawrenceburg Municipal Utils,IN
City of Lawrenceburg,TN
City of Lawrenceville,GA
"Leavenworth-Jefferson E C, Inc",KS
City of Le Sueur,MN
"Lea County Electric Coop, Inc",NM
"Lea County Electric Coop, Inc",TX
City of Lebanon,OH
City of Lebanon,MO
"Lee County Electric Coop, Inc",FL
City of Leesburg,FL
Lehi City Corporation,UT
City of Lenoir,TN
City of Lenox,IA
PUD No 1 of Lewis County,WA
City of Lewisburg,TN
Lewis County Rural E C A,MO
City of Lexington,NC
City of Lexington,NE
City of Lexington,TN
City of Liberty,TX
Licking Valley Rural E C C,KY
"Lighthouse Electric Coop, Inc",TX
Lincoln Electric System,NE
Little River Electric Coop Inc,SC
"Lincoln Electric Coop, Inc",MT
Linn County REC,IA
Litchfield Public Utilities,MN
Town of Littleton,MA
City of Lockhart,TX
City of Lodi,CA
City of Lodi,WI
City of Logan,UT
City of Logansport,IN
City of Lompoc,CA
Long Island Power Authority,NY
City of Longmont,CO
"Lorain-Medina R E C, Inc",OH
Logan County Coop Power & Light,OH
Los Alamos County,NM
Los Angeles Department of Water & Power,CA
Loudon Utilities Board,TN
Louisville Electric System,MS
Loup Valleys Rural P P D,NE
Loup River Public Power Dist,NE
City of Loveland,CO
"Lower Yellowstone R E A, Inc",MT
"Lower Yellowstone R E A, Inc",ND
Lower Valley Energy Inc,ID
Lower Valley Energy Inc,WY
Lumbee River Elec Member Corp,NC
City of Lubbock,TX
Lyon Rural Electric Coop,IA
Village of Ludlow,VT
City of Lumberton,NC
City of Luverne,MN
"Lyon-Coffey Electric Coop, Inc",KS
Lyon-Lincoln Electric Coop Inc,MN
"Lynches River Elec Coop, Inc",SC
Village of Lyndonville,VT
"Lyntegar Electric Coop, Inc",TX
City of Macon,MS
City of Macon,MO
Macon Electric Coop,MO
City of Madison,SD
Borough of Madison,NJ
Town of Madison,ME
City of Madison,NE
Madisonville Municipal Utils,KY
Magic Valley Electric Coop Inc,TX
Magnolia Electric Power Assn,MS
City of Manassas,VA
City of Mangum,OK
Town of Manilla,IA
Manitowoc Public Utilities,WI
City of Manning,IA
Town of Mansfield,MA
"Harney Electric Coop, Inc",NV
"Harney Electric Coop, Inc",OR
City of Maquoketa,IA
City of Marblehead,MA
Marias River Electric Coop Inc,MT
City of Marietta,GA
"Marlboro Electric Coop, Inc",SC
City of Marquette,MI
City of Marshall,MI
Marshall-De Kalb Electric Coop,AL
City of Marshall,MN
City of Marshall,MO
City of Marshfield,WI
Marshall County Rural E M C,IN
City of Martinsville,VA
Consumers Energy,IA
Maryville Utilities,TN
Town of Massena,NY
Matanuska Electric Assn Inc,AK
City of Mayfield Plant Board,KY
McLeod Cooperative Power Assn,MN
McCone Electric Coop Inc,MT
McKenzie Electric Coop Inc,MT
McKenzie Electric Coop Inc,ND
"McLean Electric Coop, Inc",ND
McMinnville Electric System,TN
City of McMinnville,OR
City of McPherson,KS
Meeker Coop Light & Power Assn,MN
Meade County Rural E C C,KY
Mecklenburg Electric Cooperative,NC
Mecklenburg Electric Cooperative,VA
City of Medford,WI
"Medina Electric Coop, Inc",TX
Melrose Public Utilities,MN
City of Memphis,TN
City of Menasha,WI
Nodak Electric Coop Inc,ND
Merced Irrigation District,CA
Meriwether Lewis Electric Coop,TN
City of Mesa,AZ
Midwest Energy Cooperative,IN
Midwest Energy Cooperative,MI
Midwest Energy Cooperative,OH
Menard Electric Coop,IL
Miami-Cass County Rural E M C,IN
City of Miami,OK
"Midstate Electric Coop, Inc",OR
Midland Power Coop,IA
Mid-South Electric Coop Assn,TX
Mid-Carolina Electric Coop Inc,SC
"Mid-Yellowstone Elec Coop, Inc",MT
Middle Tennessee E M C,TN
Middle Georgia El Member Corp,GA
Town of Middleborough,MA
Town of Middleton,MA
Town of Middletown,DE
"Midwest Electric, Inc",OH
Midwest Energy Inc,KS
City of Milan,TN
Midwest Electric Member Corp,NE
City of Milford,DE
City of Milford,IA
Mille Lacs Energy Cooperative,MN
City of Miller,SD
City of Milton-Freewater- (OR),OR
City of Minden,LA
City of Minden,NE
Maquoketa Valley Rrl Elec Coop,IA
Minnesota Valley Electric Coop,MN
Village of Minster,OH
City of Mishawaka,IN
Mississippi County Electric Co,AR
"Missoula Electric Coop, Inc",ID
"Missoula Electric Coop, Inc",MT
Missouri Rural Electric Coop,MO
Mitchell Electric Member Corp,GA
Modern Electric Water Company,WA
Modesto Irrigation District,CA
City of Monett,MO
City of Monmouth,OR
City of Monroe,GA
City of Monroe,NC
"Monroe County Elec Coop, Inc",IL
City of Montezuma,IA
Morgan County Rural Elec Assn,CO
Moon Lake Electric Assn Inc,CO
Moon Lake Electric Assn Inc,UT
City of Moorhead,MN
Moose Lake Water & Light Comm,MN
Mor-Gran-Sou Electric Coop Inc,ND
City of Mora,MN
Mora-San Miguel Elec Coop,NM
Moreau-Grand Electric Coop Inc,SD
Morgan City,LA
South Central Indiana REMC,IN
City of Morganton,NC
City of Morristown,TN
Village of Morrisville,VT
Consolidated Electric Coop Inc,OH
City of Moultrie,GA
"Mountain Electric Coop, Inc",NC
"Mountain Electric Coop, Inc",TN
City of Moundridge,KS
Village of Mt. Horeb,WI
City of Mt Pleasant,IA
City of Mt Pleasant,TN
City of Mount Vernon,MO
"Mountain Parks Electric, Inc",CO
"Mountain View Elec Assn, Inc",CO
"Mt Wheeler Power, Inc",NV
"Mt Wheeler Power, Inc",UT
City of Mulvane,KS
City of Murfreesboro,TN
City of Murray,UT
City of Murray,KY
Board of Water Electric & Communications,IA
City of Muscle Shoals,AL
Village of Muscoda,WI
Northern Plains Electric Coop,ND
City of Naperville,IL
City of Napoleon,OH
Nashville Electric Service,TN
Natchez Trace Elec Power Assn,MS
City of Natchitoches,LA
City of Neligh,NE
Norris Electric Coop,IL
Navajo Tribal Utility Authority,AZ
Navajo Tribal Utility Authority,NM
Navajo Tribal Utility Authority,UT
"Navopache Electric Coop, Inc",AZ
"Navopache Electric Coop, Inc",NM
"Navarro County Elec Coop, Inc",TX
City of Nebraska City,NE
Nebraska Public Power District,NE
Nebraska Public Power District,SD
City of Negaunee,MI
City of Neodesha,KS
"Nemaha-Marshall E C A, Inc",KS
City of New Albany,MS
City of New Bern,NC
City of New Braunfels,TX
New Castle Municipal Serv Comm,DE
City of Newbern,TN
Village of New Glarus,WI
New Hampshire Elec Coop Inc,NH
City of New Hampton,IA
City of New Holstein,WI
New London Electric&Water Util,WI
New Prague Utilities Comm,MN
City of New Richmond,WI
New River Light & Power Co,NC
New Smyrna Beach City of,FL
New Ulm Public Utilities Comm,MN
City of Newark,DE
"New-Mac Electric Coop, Inc",MO
City of Newberry,SC
"Newberry Electric Coop, Inc",SC
"Newnan Wtr, Sewer & Light Comm",GA
City of Newport,TN
City of Newton,NC
Ninnescah Rural E C A Inc,KS
City of Nicholasville,KY
City of Niles,OH
City of Niles,MI
Niobrara Valley El Member Corp,NE
Northern Virginia Elec Coop,VA
Nome Joint Utility Systems,AK
City of Norcross- (GA),GA
Noble County R E M C,IN
Nolin Rural Electric Coop Corp,KY
Norris Public Power District,NE
North Alabama Electric Coop,AL
Nishnabotna Valley R E C,IA
"North Arkansas Elec Coop, Inc",AR
Town of North Attleborough,MA
Nobles Cooperative Electric,IA
Nobles Cooperative Electric,MN
North Central MO Elec Coop Inc,MO
"North Central Elec Coop, Inc",OH
"North Central Elec Coop, Inc",ND
North Central Public Pwr Dist,NE
North Itasca Electric Coop Inc,MN
"North Western Elec Coop, Inc",OH
North Georgia Elec Member Corp,GA
City of North Little Rock,AR
City of North Platte,NE
City of North St Paul,MN
"North Star Electric Coop, Inc",MN
Northeast Oklahoma Electric Co,OK
Northcentral Mississippi E P A,MS
Northeast Nebraska P P D,NE
"Northern Electric Coop, Inc",SD
North Plains Electric Coop Inc,TX
"Northern Lights, Inc",ID
"Northern Lights, Inc",MT
"Northern Lights, Inc",WA
"Northern Neck Elec Coop, Inc",VA
Northeast Louisiana Power Coop Inc.,LA
Northern Wasco County PUD,OR
Village of Northfield,VT
Prairie Land Electric Coop Inc,KS
Northwest Rural Pub Pwr Dist,NE
Northwestern Electric Coop Inc,OK
Norwalk Third Taxing District,CT
City of Norway,MI
Nueces Electric Cooperative,TX
City of Norwich,CT
"Northfork Electric Coop, Inc",OK
City of Norwood,MA
Oahe Electric Coop Inc,SD
City of Oak Ridge,TN
Ocmulgee Electric Member Corp,GA
Oakdale Electric Coop,WI
City of Oberlin,OH
City of Ocala,FL
Oconee Electric Member Corp,GA
Oconomowoc Utilities,WI
Oconto Electric Cooperative,WI
Oconto Falls Water & Light Comm,WI
"Ohop Mutual Light Company, Inc",WA
PUD No 1 of Okanogan County,WA
Oklahoma Electric Coop Inc,OK
"Okanogan County Elec Coop, Inc",WA
City of Okolona,MS
City of Olivia,MN
"Oregon Trail El Cons Coop, Inc",OR
Omaha Public Power District,NE
City of Onawa,IA
City of Opelika,AL
City of Orange City,IA
Orange County Rural E M C,IN
City of Orangeburg,SC
Orcas Power & Light Coop,WA
City of Ord,NE
"Tri-County Electric Coop, Inc",SC
"P K M Electric Coop, Inc",MN
Osage Valley Elec Coop Assn,MO
City of Orrville,OH
City of Osage City,KS
City of Osage,IA
"Osceola Electric Coop, Inc",IA
City of Osawatomie,KS
City of Osceola,AR
Otero County Electric Coop Inc,NM
City of Ottawa,KS
Ouachita Electric Coop Corp,AR
Overton Power District No 5,NV
City of Owatonna,MN
Owen Electric Coop Inc,KY
City of Owensboro,KY
City of Oxford,MS
Ozark Border Electric Coop,MO
Ozark Electric Coop Inc,MO
Ozarks Electric Coop Corp,AR
Ozarks Electric Coop Corp,OK
PUD No 2 of Pacific County,WA
City of Paducah,KY
Page Utility Enterprises,AZ
City of Painesville,OH
Palmetto Electric Coop Inc,SC
City of Palo Alto,CA
"Panola-Harrison Elec Coop, Inc",LA
"Panola-Harrison Elec Coop, Inc",TX
Panhandle Rural El Member Assn,NE
Paragould Light & Water Comm,AR
City of Paris,TN
People's Cooperative Services,MN
Parke County Rural E M C,IN
Park Electric Coop Inc,MT
Parkland Light & Water Company,WA
City of Pasadena,CA
Pascoag Utility District,RI
"Pee Dee Electric Coop, Inc",SC
Pearl River Valley El Pwr Assn,MS
City of Pawhuska,OK
"Paulding-Putman Elec Coop, Inc",IN
"Paulding-Putman Elec Coop, Inc",OH
Payson City Corporation,UT
Pea River Electric Coop,AL
City of Peabody,MA
"Peace River Electric Coop, Inc",FL
Orlando Utilities Comm,FL
PUD No 2 of Grant County,WA
"Pedernales Electric Coop, Inc",TX
City of Pella,IA
Planters Electric Member Corp,GA
PUD No 1 of Pend Oreille County,WA
Peninsula Light Company,WA
Pemiscot-Dunklin Elec Coop Inc,MO
Pee Dee Electric Member Corp,NC
Pennyrile Rural Electric Coop,KY
People's Electric Cooperative,OK
City of Peru,IN
City of Peru,IL
Petersburg Borough,AK
Pitt & Greene Elec Member Corp,NC
Petit Jean Electric Coop Corp,AR
City of Petoskey,MI
City of Philadelphia,MS
Pickwick Electric Coop,TN
Piedmont Electric Member Corp,NC
Pierce-Pepin Coop Services,WI
City of Pierce,NE
City of Pierre,SD
Electrical Dist No2 Pinal County,AZ
Electrical Dist No4 Pinal County,AZ
"Pioneer Rural Elec Coop, Inc",OH
Town of Pineville,NC
"Pioneer Electric Coop, Inc",KS
City of Piqua,OH
"Platte-Clay Electric Coop, Inc",MO
Plateau Electric Cooperative,TN
City of Plattsburgh,NY
City of Plymouth,WI
Pointe Coupee Elec Member Corp,LA
Polk County Rural Pub Pwr Dist,NE
City of Ponca City,OK
Pontotoc Electric Power Assn,MS
City of Poplar Bluff,MO
City of Port Angeles,WA
"Poudre Valley R  E  A, Inc",CO
Prairie Energy Coop,IA
Powell Valley Electric Coop,TN
Powell Valley Electric Coop,VA
Plumas-Sierra Rural Elec Coop,CA
Plumas-Sierra Rural Elec Coop,NV
Prague Public Works Authority,OK
Village of Prairie Du Sac,WI
City of Pratt- (KS),KS
Prentiss County Elec Pwr Assn,MS
Presque Isle Elec & Gas Coop,MI
Polk-Burnett Electric Coop,WI
City of Preston,IA
Price Electric Coop Inc,WI
City of Princeton,KY
Princeton Public Utils Comm,MN
City of Princeton,IL
Prince George Electric Coop,VA
PUD No 3 of Mason County,WA
Provo City Corp,UT
City of Pryor,OK
City of Pulaski,TN
Borough of Quakertown,PA
City of Quincy,FL
City of Radford,VA
"Radiant Electric Coop, Inc",KS
Randolph Electric Member Corp,NC
Ralls County Electric Coop,MO
Village of Rantoul,IL
Rayle Electric Membership Corp,GA
Red River Valley Rrl Elec Assn,OK
Town of Reading,MA
Redwood Electric Coop,MN
Reedy Creek Improvement Dist,FL
City of Redding,CA
Redwood Falls Public Util Comm,MN
Reedsburg Utility Comm,WI
"Rich Mountain Elec Coop, Inc",AR
"Rich Mountain Elec Coop, Inc",OK
Renville-Sibley Coop Pwr Assn,MN
City of Remsen,IA
Reliant Energy Retail Services,TX
City of Rensselaer,IN
Rice Lake Utilities,WI
City of Richland Center,WI
City of Richland,WA
City of Richmond,IN
"Rio Grande Electric Coop, Inc",NM
"Rio Grande Electric Coop, Inc",TX
Riverland Energy Cooperative,WI
"Rita Blanca Electric Coop, Inc",TX
City of River Falls,WI
City of Riverside,CA
Roanoke Electric Member Corp,NC
"Navasota Valley Elec Coop, Inc",TX
Roosevelt Public Power Dist,NE
Rochelle Municipal Utilities,IL
Rochester Public Utilities,MN
City of Rock Hill,SC
Rock Energy Cooperative,IL
Rock Energy Cooperative,WI
Rock Rapids Municipal Utility,IA
Village of Rockville Centre,NY
City of Rockwood,TN
City of Rocky Mount,NC
City of Rolla,MO
Rolling Hills Electric Coop,KS
"Roseau Electric Coop, Inc",MN
Rosebud Electric Coop Inc,SD
City of Roseville,CA
Village of Rouses Point,NY
Runestone Electric Assn,MN
"Rural Electric Coop, Inc",OK
City of Rupert,ID
Rural Electric Conven Coop,IL
City of Russell,KS
City of Russellville,AL
City of Russellville,KY
"Rusk County Electric Coop, Inc",TX
City of Ruston,LA
Rutherford Elec Member Corp,NC
Sac-Osage Electric Coop Inc,MO
City of Sabetha,KS
Sacramento Municipal Util Dist,CA
City of Salamanca,NY
Salem Electric,OR
City of Salem,VA
City of Sallisaw,OK
Salmon River Electric Coop Inc,ID
Salt River Project,AZ
Salt River Electric Coop Corp,KY
"San Luis Valley R E C, Inc",CO
City of San Antonio,TX
"Santee Electric Coop, Inc",SC
Access Energy Coop,IA
City & County of San Francisco,CA
Sam Houston Electric Coop Inc,TX
"San Isabel Electric Assn, Inc",CO
"San Miguel Power Assn, Inc",CO
San Patricio Electric Coop Inc,TX
City of Sanborn,IA
Sand Mountain Electric Coop,AL
"San Bernard Electric Coop, Inc",TX
Sangre De Cristo Elec Assn Inc,CO
City of Santa Clara,CA
Satilla Rural Elec Member Corporation,GA
City of Sauk Centre,MN
Scenic Rivers Energy Coop,IL
Scenic Rivers Energy Coop,WI
Three Rivers Electric Coop,MO
"Sheridan Electric Coop, Inc",MT
"Sheridan Electric Coop, Inc",ND
City of Schuyler,NE
SEMO Electric Cooperative,MO
City of Scottsboro,AL
City of Scottsburg,IN
SE-MA-NO Electric Coop,MO
City of Seaford- (DE),DE
"Heartland Rural Elec Coop, Inc",KS
Sawnee Electric Membership Corporation,GA
City of Seattle,WA
City of Seguin,TX
Sedgwick County El Coop Assn Inc,KS
City of Seneca,SC
City of Seneca,KS
Sequachee Valley Electric Coop,TN
City of Sergeant Bluff,IA
Sevier County Electric System,TN
City of Seward,NE
Seward County Rrl Pub Pwr Dist,NE
City of Seward,AK
Shakopee Public Utilities Comm,MN
Shawano Municipal Utilities,WI
City of Sheboygan Falls,WI
Sheffield Utilities,AL
City of Shelby,NC
RushShelby Energy,IN
"Shelby Electric Coop, Inc",IL
City of Shelby,OH
"Shelby Energy Co-op, Inc",KY
City of Shelbyville,TN
Shenandoah Valley Elec Coop,VA
Town of Shrewsbury,MA
City of Sibley,IA
City of Sidney,NE
City of Sikeston,MO
City of Siloam Springs,AR
Singing River Elec Pwr Assn,AL
Singing River Elec Pwr Assn,MS
North West Rural Electric Coop,IA
Slope Electric Coop Inc,ND
City of Sioux Center,IA
City of Sioux Falls,SD
Sioux Valley SW Elec Coop,MN
Sioux Valley SW Elec Coop,SD
City & Borough of Sitka,AK
PUD No 1 of Skamania Co,WA
Slash Pine Elec Member Corp,GA
Sleepy Eye Public Utility Comm,MN
Slinger Utilities,WI
Town of Smithfield,NC
City of Smithville,TN
Town of Smyrna,DE
PUD 1 of Snohomish County,WA
"Socorro Electric Coop, Inc",NM
Village of Solvay,NY
"South Alabama Elec Coop, Inc",AL
"South Central Ark El Coop, Inc",AR
South Carolina Public Service Authority,SC
South Central Public Pwr Dist,NE
South Central Electric Assn,MN
Town of South Hadley,MA
South Plains Electric Coop Inc,TX
City of South Haven,MI
South Kentucky Rural E C C,KY
South Kentucky Rural E C C,TN
South Louisiana Elec Coop Assn,LA
City of South Norwalk,CT
South River Elec Member Corp,NC
City of South Sioux City,NE
"Southeastern IL Elec Coop, Inc",IL
Southeast Colorado Power Assn,CO
Southeastern Indiana R E M C,IN
Southeastern Electric Coop Inc,OK
Southern Illinois Elec Coop,IL
Southern Maryland Elec Coop Inc,MD
Southern Public Power District,NE
"Southern Iowa Elec Coop, Inc",IA
"Southern Pine Elec Coop, Inc",AL
Southern Pine Elec Power Assn,MS
Southwest Arkansas E C C,AR
Southwest Arkansas E C C,OK
Southwest Arkansas E C C,TX
Southwest Rural Elec Assn Inc,OK
Southwest Rural Elec Assn Inc,TX
Southwest Mississippi E P A,MS
Southwest Louisiana E M C,LA
Southwest Public Power Dist,NE
"Southwest Texas Elec Coop, Inc",TX
Southwest Tennessee E M C,TN
Southwestern Electric Coop Inc,IL
Southwestern Electric Coop Inc,CO
Southwestern Electric Coop Inc,NM
Southwestern Electric Coop Inc,OK
Southwestern Electric Coop Inc,TX
Spanish Fork City Corporation,UT
City of Sparta,TN
City of Spencer,IA
"Springer Electric Coop, Inc",NM
City of Springfield,IL
City of Springfield,TN
Snapping Shoals El Member Corp,GA
City Utilities of Springfield,MO
City of Springfield,OR
City of Springville,UT
City of St Charles,IL
St Croix Electric Coop,WI
City of St George,UT
City of St James,MN
City of St Marys,OH
City of Shasta Lake,CA
City of St Paul,NE
City of Saint Peter,MN
Stanton County Public Pwr Dist,NE
City of Staples- (MN),MN
City of Starke,FL
City of Starkville,MS
Stearns Cooperative Elec Assn,MN
City of Statesville,NC
Steele-Waseca Cooperative Electric,MN
Town of Steilacoom,WA
South Central Power Company,OH
Town of Sterling,MA
Steuben County Rural E M C,IN
"Steuben Rural Elec Coop, Inc",NY
Stillwater Utilities Authority,OK
City of Stilwell,OK
City of Story City,IA
City of Stoughton,WI
"Swisher Electric Coop, Inc",TX
Tallapoosa River Elec Coop Inc,AL
Strawberry Electric Serv Dist,UT
City of Sturgeon Bay,WI
City of Sturgis,MI
Surprise Valley Electrification,CA
Surprise Valley Electrification,NV
Surprise Valley Electrification,OR
City of Sullivan,MO
Sulphur Springs Valley E C Inc,AZ
"Sumter Electric Coop, Inc",FL
Sumter Electric Member Corp,GA
Sun Prairie Utilities,WI
"Sumner-Cowley Elec Coop, Inc",KS
City of Superior,NE
Surry-Yadkin Elec Member Corp,NC
Suwannee Valley Elec Coop Inc,FL
Village of Swanton,VT
Taylor Electric Coop,WI
City of Sweetwater,TN
Sylacauga Utilities Board,AL
City of Sylvania,GA
"Sun River Electric Coop, Inc",MT
City of Syracuse,NE
City of Tacoma ,WA
Tahlequah Public Works Authority,OK
City of Tallahassee,FL
T I P Rural Electric Coop,IA
Tallahatchie Valley E P A,MS
Tanner Electric Coop,WA
"Talquin Electric Coop, Inc",FL
Town of Tarboro,NC
City of Tarrant,AL
City of Taunton,MA
Taylor County Rural E C C,KY
Three Notch Elec Member Corp,GA
City of Tecumseh,NE
City of Tell City,IN
Tennessee Valley Authority,AL
Tennessee Valley Authority,KY
Tennessee Valley Authority,MS
Tennessee Valley Authority,NC
Tennessee Valley Authority,TN
Tennessee Valley Electric Coop,TN
City of Thief River Falls,MN
City of Thomaston,GA
City of Thomasville,GA
Thumb Electric Coop of Mich,MI
Tillamook Peoples Utility Dist,OR
Tipmont Rural Elec Member Corp,IN
City of Tipp City,OH
Tipton Municipal Electric Util,IN
Tippah Electric Power Assn,MS
City of Tipton,IA
Tishomingo County E P A,MS
"Tri-County Electric Coop, Inc",IL
Tri-County Elec Member Corp,GA
Tri-County Elec Member Corp,NC
Twin County Electric Pwr Assn,MS
Twin Valley Electric Coop Inc,KS
Trinity Valley Elec Coop Inc,TX
Tombigbee Electric Power Assn,MS
Tongue River Electric Coop Inc,MT
"Tombigbee Electric Coop, Inc",AL
City of Torrington,WY
"Traverse Electric Coop, Inc",MN
"Traverse Electric Coop, Inc",ND
"Traverse Electric Coop, Inc",SD
Tideland Electric Member Corp,NC
City of Traverse City,MI
City of Trenton,TN
Trenton Municipal Utilities,MO
Tri-State Electric Member Corp,GA
Tri-State Electric Member Corp,NC
Tri-State Electric Member Corp,TN
Powder River Energy Corp,MT
Powder River Energy Corp,WY
Tri-County Electric Coop,IA
Tri-County Electric Coop,MN
Tri-County Electric Coop Assn,MO
"Tri-County Electric Coop, Inc",TX
"Tri-County Electric Coop, Inc",CO
"Tri-County Electric Coop, Inc",KS
"Tri-County Electric Coop, Inc",NM
"Tri-County Electric Coop, Inc",OK
"Tri-County Electric Coop, Inc",FL
Tri-County Elec Member Corp,KY
Tri-County Elec Member Corp,TN
Trico Electric Cooperative Inc,AZ
Diverse Power Incorporated,AL
Diverse Power Incorporated,GA
City of Troy,AL
Truckee Donner P U D,CA
Tullahoma Board-Public Utils,TN
City of Tupelo,MS
Turlock Irrigation District,CA
Southeastern Electric Coop Inc,SD
City of Tuscumbia,AL
City of Tuskegee,AL
Two Rivers Water & Light,WI
Umatilla Electric Coop Assn,OR
TXU Energy Retail Co LP,TX
Tri-County Electric Coop,MI
City of Ukiah,CA
City of Union City,TN
City of Union,SC
Union Electric Membership Corp,NC
Western Iowa Power Coop,IA
"Southern Indiana R E C, Inc",IN
City of Unalaska,AK
United Electric Coop Service Inc,TX
Union County Electric Coop Inc,SD
"United Power, Inc",CO
"Union Rural Electric Coop, Inc",OH
"United Electric Co-op, Inc",ID
Homer Electric Assn Inc,AK
Upper Cumberland E M C,TN
Upshur Rural Elec Coop Corp,TX
Upson Elec Member Corp,GA
USBIA-Mission Valley Power,MT
USBIA-San Carlos Project,AZ
Utilities Dist-Western IN REMC,IN
City of Valley City,ND
Vera Irrigation District #15,WA
Verdigris Valley Elec Coop Inc,OK
City of Vermillion,SD
Verendrye Electric Coop Inc,ND
"Vermont Electric Cooperative, Inc",VT
City of Vernon,CA
City of Vero Beach,FL
"Victoria Electric Coop, Inc",TX
Vernon Electric Coop,WI
Victory Electric Coop Assn Inc,KS
"Valley Electric Assn, Inc",CA
"Valley Electric Assn, Inc",NV
City of Vineland,NJ
City of Vinton,IA
Virginia Tech Electric Service,VA
City of Virginia,MN
City of Volga,SD
Volunteer Electric Coop,TN
City of Wadena,MN
City of Wadsworth,OH
City of Wahoo,NE
Town of Wake Forest,NC
Town of Wakefield,MA
City of Wakefield,NE
Wake Electric Membership Corp,NC
Town of Wallingford,CT
Walton Electric Member Corp,GA
City of Wamego,KS
City of Wapakoneta,OH
Warren Rural Elec Coop Corp,KY
City of Warroad,MN
City of Washington,UT
City of Waseca,MN
"Wasco Electric Coop, Inc",OR
City of Washington,IN
City of Washington,GA
City of Washington,NC
Washington Elec Member Corp,GA
Washington Electric Coop,OH
Washington Electric Coop,VT
Wagoner Public Works Authority,OK
City of Water Valley,MS
Waterloo Light & Water Comm,WI
Watertown Municipal Utilities,SD
Village of Waunakee,WI
Waupun Utilities,WI
Waverly Municipal Elec Utility,IA
Whitewater Valley Rural EMC,IN
City of Wayne,NE
Wayne-White Counties Elec Coop,IL
Weakley County Mun Elec Sys,TN
Weatherford Mun Utility System,TX
City of Webster City,IA
Town of Wellesley,MA
City of Wellington,KS
Webster Electric Coop,MO
Wells Rural Electric Co,NV
Wells Rural Electric Co,UT
West Central Electric Coop Inc,MO
West Central Electric Coop Inc,SD
"West Florida El Coop Assn, Inc",FL
West Kentucky Rural E C C,KY
City of West Liberty,IA
City of West Memphis,AR
City of West Plains,MO
City of West Point,MS
City of West Point,NE
West River Electric Assn Inc,SD
Mountrail-Williams Elec Coop,ND
Whetstone Valley Elec Coop Inc,SD
City of Westby,WI
Twin Valleys Public Power Dist,NE
"Wharton County Elec Coop, Inc",TX
Western Coop Electric Assn Inc,KS
City of Westerville,OH
City of Westfield,MA
Wheat Belt Public Power Dist,NE
"Wheatland Electric Coop, Inc",CO
"Wheatland Electric Coop, Inc",KS
White River Valley El Coop Inc,MO
"White River Electric Assn, Inc",CO
Whitehall Electric Utility,WI
Northeastern Rural E M C,IN
"Wild Rice Electric Coop, Inc",MN
Willmar Municipal Utilities,MN
City of Wilson,NC
City of Wilton,IA
City of Winchester,TN
City of Windom,MN
City of Winfield,KS
Winner Municipal Utility,SD
Village of Winnetka,IL
City of Winterset,IA
City of Winthrop,MN
"Wiregrass Electric Coop, Inc",AL
Wisconsin Rapids W W & L Comm,WI
Withlacoochee River Elec Coop,FL
Town of Wolfeboro,NH
"Wood County Electric Coop, Inc",TX
Wise Electric Coop Inc,TX
Woodbury County Rural E C A,IA
Woodruff Electric Coop Corp,AR
Wright-Hennepin Coop Elec Assn,MN
Yellowstone Valley Elec Co-op,MT
York Electric Coop Inc,SC
City of Worthington,MN
City of Wrangell,AK
Wyandotte Municipal Serv Comm,MI
Y-W Electric Assn Inc,CO
Y-W Electric Assn Inc,NE
Wyrulec Company,NE
Wyrulec Company,WY
Yampa Valley Electric Assn Inc,CO
Yampa Valley Electric Assn Inc,WY
Public Serv Comm of Yazoo City,MS
Village of Yellow Springs,OH
Perennial Public Power Dist,NE
Yazoo Valley Elec Power Assn,MS
City of Zeeland,MI
"Southside Electric Coop, Inc",VA
"Fergus Electric Coop, Inc",MT
City of Laurens,SC
"Mohave Electric Cooperative, I",AZ
"Washington-St Tammany E C, Inc",LA
EnergyUnited Elec Member Corp,NC
"United Electric Coop, Inc",IA
"United Electric Coop, Inc",MO
Roosevelt County Elec Coop Inc,NM
Raft Rural Elec Coop Inc,ID
Raft Rural Elec Coop Inc,NV
Raft Rural Elec Coop Inc,UT
Delta Electric Power Assn,MS
Clark County Rural E M C,IN
"Sierra Electric Coop, Inc",NM
"Vigilante Electric Coop, Inc",ID
"Vigilante Electric Coop, Inc",MT
Bluestem Electric Coop Inc,KS
City of Escanaba,MI
Boone County Rural EMC,IN
Brunswick Electric Member Corp,NC
Cass County Elec Coop Inc,ND
Wellton-Mohawk Irr & Drain Dist,AZ
Dakota Electric Association,MN
Western Indiana Energy REMC,IN
Ak-Chin Electric Utility Authority,AZ
Little Ocmulgee El Member Corp,GA
North Slope Borough Power & Light,AK
Pella Cooperative Elec Assn,IA
"Ravalli County Elec Coop, Inc",MT
"Red Lake Electric Coop, Inc",MN
Red River Valley Coop Pwr Assn,MN
"High West Energy, Inc",CO
"High West Energy, Inc",NE
"High West Energy, Inc",WY
City of Ripley,TN
"Southwest Electric Coop, Inc",MO
Town of Stowe,VT
Taylor Electric Coop Inc,TX
Todd-Wadena Electric Coop,MN
Carroll-White REMC,IN
Clatskanie Peoples Util Dist,OR
Kerrville Public Utility Board,TX
City of San Marcos,TX
"Pioneer Electric Coop, Inc",AL
Electrical Dist No3 Pinal County,AZ
Okefenoke Rural El Member Corp,FL
Okefenoke Rural El Member Corp,GA
"Mid-Ohio Energy Coop, Inc",OH
Great Lakes Energy Coop,MI
Clarke-Washington E M C,AL
"Dixie Escalante R E A, Inc",AZ
"Dixie Escalante R E A, Inc",UT
"Chickasaw Electric Coop, Inc",TN
"Somerset Rural Elec Coop, Inc",PA
"Ark Valley Elec Coop Assn, Inc",KS
Colquitt Electric Membership Corp,GA
"Cordova Electric Coop, Inc",AK
"United Electric Coop, Inc",PA
Adams Electric Cooperative Inc,PA
"Bedford Rural Elec Coop, Inc",PA
Valley Rural Electric Coop Inc,PA
"Central Electric Coop, Inc",PA
Rappahannock Electric Coop,VA
"Forked Deer Electric Coop, Inc",TN
Claverack Rural Elec Coop Inc,PA
Tri-County Rural Elec Coop Inc,PA
REA Energy Coop Inc,PA
"Northwestern Rural E C A, IncPA)",PA
Sussex Rural Electric Coop Inc,NJ
North East Mississippi EPA,MS
Monroe County Elec Power Assn,MS
Minnesota Valley Coop L&P Assn,MN
Hickman-Fulton Counties RECC,KY
Hickman-Fulton Counties RECC,TN
City of Courtland,AL
Emerald People's Utility Dist,OR
Columbia River Peoples Ut Dist,OR
Town of Murphy,NC
City of Grand Island,NE
Southwest Iowa Rural Elec Coop,IA
City of Berea Municipal Utility,KY
City of Moreno Valley,CA
Roughrider Electric Cooperativ,ND
Heart of Texas Electric Coop,TX